image,class_label
kaggle/input/casia-dataset/CASIA2/Au/Au_ani_00001.jpg,0
kaggle/input/casia-dataset/CASIA2/Au/Au_ani_00002.jpg,0
kaggle/input/casia-dataset/CASIA2/Au/Au_ani_00003.jpg,0
kaggle/input/casia-dataset/CASIA2/Au/Au_ani_00004.jpg,0
kaggle/input/casia-dataset/CASIA2/Au/Au_ani_00005.jpg,0
kaggle/input/casia-dataset/CASIA2/Au/Au_ani_00006.jpg,0
kaggle/input/casia-dataset/CASIA2/Au/Au_ani_00007.jpg,0
kaggle/input/casia-dataset/CASIA2/Au/Au_ani_00008.jpg,0
kaggle/input/casia-dataset/CASIA2/Au/Au_ani_00009.jpg,0
kaggle/input/casia-dataset/CASIA2/Au/Au_ani_00010.jpg,0
kaggle/input/casia-dataset/CASIA2/Au/Au_ani_00011.jpg,0
kaggle/input/casia-dataset/CASIA2/Au/Au_ani_00012.jpg,0
kaggle/input/casia-dataset/CASIA2/Au/Au_ani_00013.jpg,0
kaggle/input/casia-dataset/CASIA2/Au/Au_ani_00014.jpg,0
kaggle/input/casia-dataset/CASIA2/Au/Au_ani_00015.jpg,0
kaggle/input/casia-dataset/CASIA2/Au/Au_ani_00016.jpg,0
kaggle/input/casia-dataset/CASIA2/Au/Au_ani_00017.jpg,0
kaggle/input/casia-dataset/CASIA2/Au/Au_ani_00018.jpg,0
kaggle/input/casia-dataset/CASIA2/Au/Au_ani_00019.jpg,0
kaggle/input/casia-dataset/CASIA2/Au/Au_ani_00020.jpg,0
kaggle/input/casia-dataset/CASIA2/Au/Au_ani_00021.jpg,0
kaggle/input/casia-dataset/CASIA2/Au/Au_ani_00022.jpg,0
kaggle/input/casia-dataset/CASIA2/Au/Au_ani_00023.jpg,0
kaggle/input/casia-dataset/CASIA2/Au/Au_ani_00024.jpg,0
kaggle/input/casia-dataset/CASIA2/Au/Au_ani_00025.jpg,0
kaggle/input/casia-dataset/CASIA2/Au/Au_ani_00026.jpg,0
kaggle/input/casia-dataset/CASIA2/Au/Au_ani_00027.jpg,0
kaggle/input/casia-dataset/CASIA2/Au/Au_ani_00028.jpg,0
kaggle/input/casia-dataset/CASIA2/Au/Au_ani_00029.jpg,0
kaggle/input/casia-dataset/CASIA2/Au/Au_ani_00030.jpg,0
kaggle/input/casia-dataset/CASIA2/Au/Au_ani_00031.jpg,0
kaggle/input/casia-dataset/CASIA2/Au/Au_ani_00032.jpg,0
kaggle/input/casia-dataset/CASIA2/Au/Au_ani_00033.jpg,0
kaggle/input/casia-dataset/CASIA2/Au/Au_ani_00034.jpg,0
kaggle/input/casia-dataset/CASIA2/Au/Au_ani_00035.jpg,0
kaggle/input/casia-dataset/CASIA2/Au/Au_ani_00036.jpg,0
kaggle/input/casia-dataset/CASIA2/Au/Au_ani_00037.jpg,0
kaggle/input/casia-dataset/CASIA2/Au/Au_ani_00038.jpg,0
kaggle/input/casia-dataset/CASIA2/Au/Au_ani_00039.jpg,0
kaggle/input/casia-dataset/CASIA2/Au/Au_ani_00040.jpg,0
kaggle/input/casia-dataset/CASIA2/Au/Au_ani_00041.jpg,0
kaggle/input/casia-dataset/CASIA2/Au/Au_ani_00042.jpg,0
kaggle/input/casia-dataset/CASIA2/Au/Au_ani_00043.jpg,0
kaggle/input/casia-dataset/CASIA2/Au/Au_ani_00044.jpg,0
kaggle/input/casia-dataset/CASIA2/Au/Au_ani_00045.jpg,0
kaggle/input/casia-dataset/CASIA2/Au/Au_ani_00046.jpg,0
kaggle/input/casia-dataset/CASIA2/Au/Au_ani_00047.jpg,0
kaggle/input/casia-dataset/CASIA2/Au/Au_ani_00048.jpg,0
kaggle/input/casia-dataset/CASIA2/Au/Au_ani_00049.jpg,0
kaggle/input/casia-dataset/CASIA2/Au/Au_ani_00050.jpg,0
kaggle/input/casia-dataset/CASIA2/Au/Au_ani_00051.jpg,0
kaggle/input/casia-dataset/CASIA2/Au/Au_ani_00052.jpg,0
kaggle/input/casia-dataset/CASIA2/Au/Au_ani_00053.jpg,0
kaggle/input/casia-dataset/CASIA2/Au/Au_ani_00054.jpg,0
kaggle/input/casia-dataset/CASIA2/Au/Au_ani_00055.jpg,0
kaggle/input/casia-dataset/CASIA2/Au/Au_ani_00056.jpg,0
kaggle/input/casia-dataset/CASIA2/Au/Au_ani_00057.jpg,0
kaggle/input/casia-dataset/CASIA2/Au/Au_ani_00059.jpg,0
kaggle/input/casia-dataset/CASIA2/Au/Au_ani_00060.jpg,0
kaggle/input/casia-dataset/CASIA2/Au/Au_ani_00061.jpg,0
kaggle/input/casia-dataset/CASIA2/Au/Au_ani_00062.jpg,0
kaggle/input/casia-dataset/CASIA2/Au/Au_ani_00063.jpg,0
kaggle/input/casia-dataset/CASIA2/Au/Au_ani_00064.jpg,0
kaggle/input/casia-dataset/CASIA2/Au/Au_ani_00065.jpg,0
kaggle/input/casia-dataset/CASIA2/Au/Au_ani_00066.jpg,0
kaggle/input/casia-dataset/CASIA2/Au/Au_ani_00067.jpg,0
kaggle/input/casia-dataset/CASIA2/Au/Au_ani_00068.jpg,0
kaggle/input/casia-dataset/CASIA2/Au/Au_ani_00069.jpg,0
kaggle/input/casia-dataset/CASIA2/Au/Au_ani_00070.jpg,0
kaggle/input/casia-dataset/CASIA2/Au/Au_ani_00071.jpg,0
kaggle/input/casia-dataset/CASIA2/Au/Au_ani_00072.jpg,0
kaggle/input/casia-dataset/CASIA2/Au/Au_ani_00073.jpg,0
kaggle/input/casia-dataset/CASIA2/Au/Au_ani_00074.jpg,0
kaggle/input/casia-dataset/CASIA2/Au/Au_ani_00075.jpg,0
kaggle/input/casia-dataset/CASIA2/Au/Au_ani_00076.jpg,0
kaggle/input/casia-dataset/CASIA2/Au/Au_ani_00077.jpg,0
kaggle/input/casia-dataset/CASIA2/Au/Au_ani_00078.jpg,0
kaggle/input/casia-dataset/CASIA2/Au/Au_ani_00079.jpg,0
kaggle/input/casia-dataset/CASIA2/Au/Au_ani_00080.jpg,0
kaggle/input/casia-dataset/CASIA2/Au/Au_ani_00081.jpg,0
kaggle/input/casia-dataset/CASIA2/Au/Au_ani_00082.jpg,0
kaggle/input/casia-dataset/CASIA2/Au/Au_ani_00083.jpg,0
kaggle/input/casia-dataset/CASIA2/Au/Au_ani_00084.jpg,0
kaggle/input/casia-dataset/CASIA2/Au/Au_ani_00085.jpg,0
kaggle/input/casia-dataset/CASIA2/Au/Au_ani_00086.jpg,0
kaggle/input/casia-dataset/CASIA2/Au/Au_ani_00087.jpg,0
kaggle/input/casia-dataset/CASIA2/Au/Au_ani_00088.jpg,0
kaggle/input/casia-dataset/CASIA2/Au/Au_ani_00089.jpg,0
kaggle/input/casia-dataset/CASIA2/Au/Au_ani_00090.jpg,0
kaggle/input/casia-dataset/CASIA2/Au/Au_ani_00091.jpg,0
kaggle/input/casia-dataset/CASIA2/Au/Au_ani_00092.jpg,0
kaggle/input/casia-dataset/CASIA2/Au/Au_ani_00093.jpg,0
kaggle/input/casia-dataset/CASIA2/Au/Au_ani_00094.jpg,0
kaggle/input/casia-dataset/CASIA2/Au/Au_ani_00095.jpg,0
kaggle/input/casia-dataset/CASIA2/Au/Au_ani_00096.jpg,0
kaggle/input/casia-dataset/CASIA2/Au/Au_ani_00097.jpg,0
kaggle/input/casia-dataset/CASIA2/Au/Au_ani_00098.jpg,0
kaggle/input/casia-dataset/CASIA2/Au/Au_ani_00099.jpg,0
kaggle/input/casia-dataset/CASIA2/Au/Au_ani_00100.jpg,0
kaggle/input/casia-dataset/CASIA2/Au/Au_ani_10001.JPG,0
kaggle/input/casia-dataset/CASIA2/Au/Au_ani_10002.JPG,0
kaggle/input/casia-dataset/CASIA2/Au/Au_ani_10003.jpg,0
kaggle/input/casia-dataset/CASIA2/Au/Au_ani_10004.jpg,0
kaggle/input/casia-dataset/CASIA2/Au/Au_ani_10005.jpg,0
kaggle/input/casia-dataset/CASIA2/Au/Au_ani_10101.jpg,0
kaggle/input/casia-dataset/CASIA2/Au/Au_ani_10102.jpg,0
kaggle/input/casia-dataset/CASIA2/Au/Au_ani_10103.jpg,0
kaggle/input/casia-dataset/CASIA2/Au/Au_ani_10104.jpg,0
kaggle/input/casia-dataset/CASIA2/Au/Au_ani_10105.jpg,0
kaggle/input/casia-dataset/CASIA2/Au/Au_ani_10106.jpg,0
kaggle/input/casia-dataset/CASIA2/Au/Au_ani_10107.jpg,0
kaggle/input/casia-dataset/CASIA2/Au/Au_ani_10108.jpg,0
kaggle/input/casia-dataset/CASIA2/Au/Au_ani_10109.jpg,0
kaggle/input/casia-dataset/CASIA2/Au/Au_ani_10110.jpg,0
kaggle/input/casia-dataset/CASIA2/Au/Au_ani_10111.jpg,0
kaggle/input/casia-dataset/CASIA2/Au/Au_ani_10112.JPG,0
kaggle/input/casia-dataset/CASIA2/Au/Au_ani_10113.JPG,0
kaggle/input/casia-dataset/CASIA2/Au/Au_ani_10114.JPG,0
kaggle/input/casia-dataset/CASIA2/Au/Au_ani_10115.JPG,0
kaggle/input/casia-dataset/CASIA2/Au/Au_ani_10116.JPG,0
kaggle/input/casia-dataset/CASIA2/Au/Au_ani_10117.JPG,0
kaggle/input/casia-dataset/CASIA2/Au/Au_ani_10118.JPG,0
kaggle/input/casia-dataset/CASIA2/Au/Au_ani_10119.JPG,0
kaggle/input/casia-dataset/CASIA2/Au/Au_ani_10120.JPG,0
kaggle/input/casia-dataset/CASIA2/Au/Au_ani_10121.JPG,0
kaggle/input/casia-dataset/CASIA2/Au/Au_ani_10122.JPG,0
kaggle/input/casia-dataset/CASIA2/Au/Au_ani_10123.JPG,0
kaggle/input/casia-dataset/CASIA2/Au/Au_ani_10125.jpg,0
kaggle/input/casia-dataset/CASIA2/Au/Au_ani_10126.jpg,0
kaggle/input/casia-dataset/CASIA2/Au/Au_ani_10127.jpg,0
kaggle/input/casia-dataset/CASIA2/Au/Au_ani_10128.jpg,0
kaggle/input/casia-dataset/CASIA2/Au/Au_ani_10129.jpg,0
kaggle/input/casia-dataset/CASIA2/Au/Au_ani_10130.jpg,0
kaggle/input/casia-dataset/CASIA2/Au/Au_ani_10131.jpg,0
kaggle/input/casia-dataset/CASIA2/Au/Au_ani_10132.jpg,0
kaggle/input/casia-dataset/CASIA2/Au/Au_ani_10133.jpg,0
kaggle/input/casia-dataset/CASIA2/Au/Au_ani_10134.jpg,0
kaggle/input/casia-dataset/CASIA2/Au/Au_ani_10135.jpg,0
kaggle/input/casia-dataset/CASIA2/Au/Au_ani_10136.jpg,0
kaggle/input/casia-dataset/CASIA2/Au/Au_ani_10137.jpg,0
kaggle/input/casia-dataset/CASIA2/Au/Au_ani_10138.jpg,0
kaggle/input/casia-dataset/CASIA2/Au/Au_ani_10139.jpg,0
kaggle/input/casia-dataset/CASIA2/Au/Au_ani_10140.jpg,0
kaggle/input/casia-dataset/CASIA2/Au/Au_ani_10141.jpg,0
kaggle/input/casia-dataset/CASIA2/Au/Au_ani_10142.jpg,0
kaggle/input/casia-dataset/CASIA2/Au/Au_ani_10143.jpg,0
kaggle/input/casia-dataset/CASIA2/Au/Au_ani_10144.jpg,0
kaggle/input/casia-dataset/CASIA2/Au/Au_ani_10145.jpg,0
kaggle/input/casia-dataset/CASIA2/Au/Au_ani_10146.jpg,0
kaggle/input/casia-dataset/CASIA2/Au/Au_ani_10147.jpg,0
kaggle/input/casia-dataset/CASIA2/Au/Au_ani_10148.jpg,0
kaggle/input/casia-dataset/CASIA2/Au/Au_ani_10149.jpg,0
kaggle/input/casia-dataset/CASIA2/Au/Au_ani_10150.jpg,0
kaggle/input/casia-dataset/CASIA2/Au/Au_ani_10151.jpg,0
kaggle/input/casia-dataset/CASIA2/Au/Au_ani_10152.jpg,0
kaggle/input/casia-dataset/CASIA2/Au/Au_ani_10153.jpg,0
kaggle/input/casia-dataset/CASIA2/Au/Au_ani_10154.jpg,0
kaggle/input/casia-dataset/CASIA2/Au/Au_ani_10155.jpg,0
kaggle/input/casia-dataset/CASIA2/Au/Au_ani_10156.jpg,0
kaggle/input/casia-dataset/CASIA2/Au/Au_ani_10157.jpg,0
kaggle/input/casia-dataset/CASIA2/Au/Au_ani_10158.jpg,0
kaggle/input/casia-dataset/CASIA2/Au/Au_ani_10159.jpg,0
kaggle/input/casia-dataset/CASIA2/Au/Au_ani_10160.jpg,0
kaggle/input/casia-dataset/CASIA2/Au/Au_ani_10161.jpg,0
kaggle/input/casia-dataset/CASIA2/Au/Au_ani_10162.jpg,0
kaggle/input/casia-dataset/CASIA2/Au/Au_ani_10163.jpg,0
kaggle/input/casia-dataset/CASIA2/Au/Au_ani_10164.jpg,0
kaggle/input/casia-dataset/CASIA2/Au/Au_ani_10165.jpg,0
kaggle/input/casia-dataset/CASIA2/Au/Au_ani_10166.jpg,0
kaggle/input/casia-dataset/CASIA2/Au/Au_ani_10167.jpg,0
kaggle/input/casia-dataset/CASIA2/Au/Au_ani_10168.jpg,0
kaggle/input/casia-dataset/CASIA2/Au/Au_ani_10169.jpg,0
kaggle/input/casia-dataset/CASIA2/Au/Au_ani_10170.jpg,0
kaggle/input/casia-dataset/CASIA2/Au/Au_ani_10171.jpg,0
kaggle/input/casia-dataset/CASIA2/Au/Au_ani_10172.jpg,0
kaggle/input/casia-dataset/CASIA2/Au/Au_ani_10173.jpg,0
kaggle/input/casia-dataset/CASIA2/Au/Au_ani_10174.jpg,0
kaggle/input/casia-dataset/CASIA2/Au/Au_ani_10175.jpg,0
kaggle/input/casia-dataset/CASIA2/Au/Au_ani_10176.jpg,0
kaggle/input/casia-dataset/CASIA2/Au/Au_ani_10177.jpg,0
kaggle/input/casia-dataset/CASIA2/Au/Au_ani_10178.jpg,0
kaggle/input/casia-dataset/CASIA2/Au/Au_ani_10179.jpg,0
kaggle/input/casia-dataset/CASIA2/Au/Au_ani_10180.jpg,0
kaggle/input/casia-dataset/CASIA2/Au/Au_ani_10181.jpg,0
kaggle/input/casia-dataset/CASIA2/Au/Au_ani_10182.jpg,0
kaggle/input/casia-dataset/CASIA2/Au/Au_ani_10183.jpg,0
kaggle/input/casia-dataset/CASIA2/Au/Au_ani_10184.jpg,0
kaggle/input/casia-dataset/CASIA2/Au/Au_ani_10185.jpg,0
kaggle/input/casia-dataset/CASIA2/Au/Au_ani_10186.jpg,0
kaggle/input/casia-dataset/CASIA2/Au/Au_ani_10187.jpg,0
kaggle/input/casia-dataset/CASIA2/Au/Au_ani_10188.jpg,0
kaggle/input/casia-dataset/CASIA2/Au/Au_ani_10189.jpg,0
kaggle/input/casia-dataset/CASIA2/Au/Au_ani_10190.jpg,0
kaggle/input/casia-dataset/CASIA2/Au/Au_ani_10191.jpg,0
kaggle/input/casia-dataset/CASIA2/Au/Au_ani_10192.jpg,0
kaggle/input/casia-dataset/CASIA2/Au/Au_ani_10193.jpg,0
kaggle/input/casia-dataset/CASIA2/Au/Au_ani_10194.jpg,0
kaggle/input/casia-dataset/CASIA2/Au/Au_ani_10195.jpg,0
kaggle/input/casia-dataset/CASIA2/Au/Au_ani_10196.jpg,0
kaggle/input/casia-dataset/CASIA2/Au/Au_ani_10197.jpg,0
kaggle/input/casia-dataset/CASIA2/Au/Au_ani_10198.jpg,0
kaggle/input/casia-dataset/CASIA2/Au/Au_ani_10199.jpg,0
kaggle/input/casia-dataset/CASIA2/Au/Au_ani_10200.jpg,0
kaggle/input/casia-dataset/CASIA2/Au/Au_ani_10201.jpg,0
kaggle/input/casia-dataset/CASIA2/Au/Au_ani_10202.jpg,0
kaggle/input/casia-dataset/CASIA2/Au/Au_ani_10203.jpg,0
kaggle/input/casia-dataset/CASIA2/Au/Au_ani_10204.jpg,0
kaggle/input/casia-dataset/CASIA2/Au/Au_ani_10205.jpg,0
kaggle/input/casia-dataset/CASIA2/Au/Au_ani_10206.jpg,0
kaggle/input/casia-dataset/CASIA2/Au/Au_ani_10207.jpg,0
kaggle/input/casia-dataset/CASIA2/Au/Au_ani_10208.jpg,0
kaggle/input/casia-dataset/CASIA2/Au/Au_ani_10209.jpg,0
kaggle/input/casia-dataset/CASIA2/Au/Au_ani_10210.jpg,0
kaggle/input/casia-dataset/CASIA2/Au/Au_ani_10211.jpg,0
kaggle/input/casia-dataset/CASIA2/Au/Au_ani_10212.jpg,0
kaggle/input/casia-dataset/CASIA2/Au/Au_ani_10213.jpg,0
kaggle/input/casia-dataset/CASIA2/Au/Au_ani_10214.jpg,0
kaggle/input/casia-dataset/CASIA2/Au/Au_ani_10215.jpg,0
kaggle/input/casia-dataset/CASIA2/Au/Au_ani_10216.jpg,0
kaggle/input/casia-dataset/CASIA2/Au/Au_ani_10217.jpg,0
kaggle/input/casia-dataset/CASIA2/Au/Au_ani_10218.jpg,0
kaggle/input/casia-dataset/CASIA2/Au/Au_ani_10219.jpg,0
kaggle/input/casia-dataset/CASIA2/Au/Au_ani_10220.jpg,0
kaggle/input/casia-dataset/CASIA2/Au/Au_ani_10221.jpg,0
kaggle/input/casia-dataset/CASIA2/Au/Au_ani_10222.jpg,0
kaggle/input/casia-dataset/CASIA2/Au/Au_ani_10223.jpg,0
kaggle/input/casia-dataset/CASIA2/Au/Au_ani_10224.jpg,0
kaggle/input/casia-dataset/CASIA2/Au/Au_ani_20001.jpg,0
kaggle/input/casia-dataset/CASIA2/Au/Au_ani_20002.jpg,0
kaggle/input/casia-dataset/CASIA2/Au/Au_ani_20003.jpg,0
kaggle/input/casia-dataset/CASIA2/Au/Au_ani_20004.jpg,0
kaggle/input/casia-dataset/CASIA2/Au/Au_ani_20005.jpg,0
kaggle/input/casia-dataset/CASIA2/Au/Au_ani_20006.jpg,0
kaggle/input/casia-dataset/CASIA2/Au/Au_ani_20007.jpg,0
kaggle/input/casia-dataset/CASIA2/Au/Au_ani_20008.jpg,0
kaggle/input/casia-dataset/CASIA2/Au/Au_ani_20009.jpg,0
kaggle/input/casia-dataset/CASIA2/Au/Au_ani_20010.jpg,0
kaggle/input/casia-dataset/CASIA2/Au/Au_ani_20011.jpg,0
kaggle/input/casia-dataset/CASIA2/Au/Au_ani_20012.jpg,0
kaggle/input/casia-dataset/CASIA2/Au/Au_ani_20013.jpg,0
kaggle/input/casia-dataset/CASIA2/Au/Au_ani_20014.jpg,0
kaggle/input/casia-dataset/CASIA2/Au/Au_ani_20015.jpg,0
kaggle/input/casia-dataset/CASIA2/Au/Au_ani_20016.jpg,0
kaggle/input/casia-dataset/CASIA2/Au/Au_ani_20017.jpg,0
kaggle/input/casia-dataset/CASIA2/Au/Au_ani_20018.jpg,0
kaggle/input/casia-dataset/CASIA2/Au/Au_ani_20019.jpg,0
kaggle/input/casia-dataset/CASIA2/Au/Au_ani_20020.jpg,0
kaggle/input/casia-dataset/CASIA2/Au/Au_ani_20021.jpg,0
kaggle/input/casia-dataset/CASIA2/Au/Au_ani_20022.jpg,0
kaggle/input/casia-dataset/CASIA2/Au/Au_ani_20023.jpg,0
kaggle/input/casia-dataset/CASIA2/Au/Au_ani_20024.jpg,0
kaggle/input/casia-dataset/CASIA2/Au/Au_ani_20025.jpg,0
kaggle/input/casia-dataset/CASIA2/Au/Au_ani_20026.jpg,0
kaggle/input/casia-dataset/CASIA2/Au/Au_ani_20027.jpg,0
kaggle/input/casia-dataset/CASIA2/Au/Au_ani_20028.jpg,0
kaggle/input/casia-dataset/CASIA2/Au/Au_ani_20029.jpg,0
kaggle/input/casia-dataset/CASIA2/Au/Au_ani_20030.jpg,0
kaggle/input/casia-dataset/CASIA2/Au/Au_ani_20031.jpg,0
kaggle/input/casia-dataset/CASIA2/Au/Au_ani_20032.jpg,0
kaggle/input/casia-dataset/CASIA2/Au/Au_ani_20033.jpg,0
kaggle/input/casia-dataset/CASIA2/Au/Au_ani_20034.jpg,0
kaggle/input/casia-dataset/CASIA2/Au/Au_ani_20035.jpg,0
kaggle/input/casia-dataset/CASIA2/Au/Au_ani_20036.jpg,0
kaggle/input/casia-dataset/CASIA2/Au/Au_ani_20037.jpg,0
kaggle/input/casia-dataset/CASIA2/Au/Au_ani_20038.jpg,0
kaggle/input/casia-dataset/CASIA2/Au/Au_ani_20039.jpg,0
kaggle/input/casia-dataset/CASIA2/Au/Au_ani_20040.jpg,0
kaggle/input/casia-dataset/CASIA2/Au/Au_ani_20041.jpg,0
kaggle/input/casia-dataset/CASIA2/Au/Au_ani_20042.jpg,0
kaggle/input/casia-dataset/CASIA2/Au/Au_ani_20043.jpg,0
kaggle/input/casia-dataset/CASIA2/Au/Au_ani_20044.jpg,0
kaggle/input/casia-dataset/CASIA2/Au/Au_ani_20045.jpg,0
kaggle/input/casia-dataset/CASIA2/Au/Au_ani_20046.jpg,0
kaggle/input/casia-dataset/CASIA2/Au/Au_ani_20047.jpg,0
kaggle/input/casia-dataset/CASIA2/Au/Au_ani_20048.jpg,0
kaggle/input/casia-dataset/CASIA2/Au/Au_ani_20049.jpg,0
kaggle/input/casia-dataset/CASIA2/Au/Au_ani_20050.jpg,0
kaggle/input/casia-dataset/CASIA2/Au/Au_ani_20051.jpg,0
kaggle/input/casia-dataset/CASIA2/Au/Au_ani_20052.jpg,0
kaggle/input/casia-dataset/CASIA2/Au/Au_ani_20053.jpg,0
kaggle/input/casia-dataset/CASIA2/Au/Au_ani_20054.jpg,0
kaggle/input/casia-dataset/CASIA2/Au/Au_ani_20055.jpg,0
kaggle/input/casia-dataset/CASIA2/Au/Au_ani_20056.jpg,0
kaggle/input/casia-dataset/CASIA2/Au/Au_ani_20057.jpg,0
kaggle/input/casia-dataset/CASIA2/Au/Au_ani_20058.jpg,0
kaggle/input/casia-dataset/CASIA2/Au/Au_ani_20059.jpg,0
kaggle/input/casia-dataset/CASIA2/Au/Au_ani_20060.jpg,0
kaggle/input/casia-dataset/CASIA2/Au/Au_ani_20061.jpg,0
kaggle/input/casia-dataset/CASIA2/Au/Au_ani_20062.jpg,0
kaggle/input/casia-dataset/CASIA2/Au/Au_ani_20063.jpg,0
kaggle/input/casia-dataset/CASIA2/Au/Au_ani_20064.jpg,0
kaggle/input/casia-dataset/CASIA2/Au/Au_ani_20065.jpg,0
kaggle/input/casia-dataset/CASIA2/Au/Au_ani_20066.jpg,0
kaggle/input/casia-dataset/CASIA2/Au/Au_ani_20067.jpg,0
kaggle/input/casia-dataset/CASIA2/Au/Au_ani_20068.jpg,0
kaggle/input/casia-dataset/CASIA2/Au/Au_ani_20069.jpg,0
kaggle/input/casia-dataset/CASIA2/Au/Au_ani_20070.jpg,0
kaggle/input/casia-dataset/CASIA2/Au/Au_ani_30001.jpg,0
kaggle/input/casia-dataset/CASIA2/Au/Au_ani_30002.jpg,0
kaggle/input/casia-dataset/CASIA2/Au/Au_ani_30003.jpg,0
kaggle/input/casia-dataset/CASIA2/Au/Au_ani_30004.jpg,0
kaggle/input/casia-dataset/CASIA2/Au/Au_ani_30005.jpg,0
kaggle/input/casia-dataset/CASIA2/Au/Au_ani_30006.jpg,0
kaggle/input/casia-dataset/CASIA2/Au/Au_ani_30007.jpg,0
kaggle/input/casia-dataset/CASIA2/Au/Au_ani_30008.jpg,0
kaggle/input/casia-dataset/CASIA2/Au/Au_ani_30009.jpg,0
kaggle/input/casia-dataset/CASIA2/Au/Au_ani_30010.jpg,0
kaggle/input/casia-dataset/CASIA2/Au/Au_ani_30011.jpg,0
kaggle/input/casia-dataset/CASIA2/Au/Au_ani_30012.jpg,0
kaggle/input/casia-dataset/CASIA2/Au/Au_ani_30013.jpg,0
kaggle/input/casia-dataset/CASIA2/Au/Au_ani_30014.jpg,0
kaggle/input/casia-dataset/CASIA2/Au/Au_ani_30015.jpg,0
kaggle/input/casia-dataset/CASIA2/Au/Au_ani_30016.jpg,0
kaggle/input/casia-dataset/CASIA2/Au/Au_ani_30017.jpg,0
kaggle/input/casia-dataset/CASIA2/Au/Au_ani_30018.jpg,0
kaggle/input/casia-dataset/CASIA2/Au/Au_ani_30019.jpg,0
kaggle/input/casia-dataset/CASIA2/Au/Au_ani_30020.jpg,0
kaggle/input/casia-dataset/CASIA2/Au/Au_ani_30021.jpg,0
kaggle/input/casia-dataset/CASIA2/Au/Au_ani_30022.jpg,0
kaggle/input/casia-dataset/CASIA2/Au/Au_ani_30023.jpg,0
kaggle/input/casia-dataset/CASIA2/Au/Au_ani_30024.jpg,0
kaggle/input/casia-dataset/CASIA2/Au/Au_ani_30025.jpg,0
kaggle/input/casia-dataset/CASIA2/Au/Au_ani_30026.jpg,0
kaggle/input/casia-dataset/CASIA2/Au/Au_ani_30027.jpg,0
kaggle/input/casia-dataset/CASIA2/Au/Au_ani_30028.jpg,0
kaggle/input/casia-dataset/CASIA2/Au/Au_ani_30029.jpg,0
kaggle/input/casia-dataset/CASIA2/Au/Au_ani_30030.jpg,0
kaggle/input/casia-dataset/CASIA2/Au/Au_ani_30031.jpg,0
kaggle/input/casia-dataset/CASIA2/Au/Au_ani_30032.jpg,0
kaggle/input/casia-dataset/CASIA2/Au/Au_ani_30033.jpg,0
kaggle/input/casia-dataset/CASIA2/Au/Au_ani_30034.jpg,0
kaggle/input/casia-dataset/CASIA2/Au/Au_ani_30035.jpg,0
kaggle/input/casia-dataset/CASIA2/Au/Au_ani_30036.jpg,0
kaggle/input/casia-dataset/CASIA2/Au/Au_ani_30037.jpg,0
kaggle/input/casia-dataset/CASIA2/Au/Au_ani_30038.jpg,0
kaggle/input/casia-dataset/CASIA2/Au/Au_ani_30039.jpg,0
kaggle/input/casia-dataset/CASIA2/Au/Au_ani_30040.jpg,0
kaggle/input/casia-dataset/CASIA2/Au/Au_ani_30041.jpg,0
kaggle/input/casia-dataset/CASIA2/Au/Au_ani_30042.jpg,0
kaggle/input/casia-dataset/CASIA2/Au/Au_ani_30043.jpg,0
kaggle/input/casia-dataset/CASIA2/Au/Au_ani_30044.jpg,0
kaggle/input/casia-dataset/CASIA2/Au/Au_ani_30045.jpg,0
kaggle/input/casia-dataset/CASIA2/Au/Au_ani_30046.jpg,0
kaggle/input/casia-dataset/CASIA2/Au/Au_ani_30047.jpg,0
kaggle/input/casia-dataset/CASIA2/Au/Au_ani_30048.jpg,0
kaggle/input/casia-dataset/CASIA2/Au/Au_ani_30049.jpg,0
kaggle/input/casia-dataset/CASIA2/Au/Au_ani_30050.jpg,0
kaggle/input/casia-dataset/CASIA2/Au/Au_ani_30051.jpg,0
kaggle/input/casia-dataset/CASIA2/Au/Au_ani_30052.jpg,0
kaggle/input/casia-dataset/CASIA2/Au/Au_ani_30053.jpg,0
kaggle/input/casia-dataset/CASIA2/Au/Au_ani_30054.jpg,0
kaggle/input/casia-dataset/CASIA2/Au/Au_ani_30055.jpg,0
kaggle/input/casia-dataset/CASIA2/Au/Au_ani_30056.jpg,0
kaggle/input/casia-dataset/CASIA2/Au/Au_ani_30057.jpg,0
kaggle/input/casia-dataset/CASIA2/Au/Au_ani_30058.jpg,0
kaggle/input/casia-dataset/CASIA2/Au/Au_ani_30059.jpg,0
kaggle/input/casia-dataset/CASIA2/Au/Au_ani_30060.jpg,0
kaggle/input/casia-dataset/CASIA2/Au/Au_ani_30061.jpg,0
kaggle/input/casia-dataset/CASIA2/Au/Au_ani_30062.jpg,0
kaggle/input/casia-dataset/CASIA2/Au/Au_ani_30063.jpg,0
kaggle/input/casia-dataset/CASIA2/Au/Au_ani_30064.jpg,0
kaggle/input/casia-dataset/CASIA2/Au/Au_ani_30065.jpg,0
kaggle/input/casia-dataset/CASIA2/Au/Au_ani_30066.jpg,0
kaggle/input/casia-dataset/CASIA2/Au/Au_ani_30067.jpg,0
kaggle/input/casia-dataset/CASIA2/Au/Au_ani_30068.jpg,0
kaggle/input/casia-dataset/CASIA2/Au/Au_ani_30069.jpg,0
kaggle/input/casia-dataset/CASIA2/Au/Au_ani_30070.jpg,0
kaggle/input/casia-dataset/CASIA2/Au/Au_ani_30071.jpg,0
kaggle/input/casia-dataset/CASIA2/Au/Au_ani_30072.jpg,0
kaggle/input/casia-dataset/CASIA2/Au/Au_ani_30073.jpg,0
kaggle/input/casia-dataset/CASIA2/Au/Au_ani_30074.jpg,0
kaggle/input/casia-dataset/CASIA2/Au/Au_ani_30075.jpg,0
kaggle/input/casia-dataset/CASIA2/Au/Au_ani_30076.jpg,0
kaggle/input/casia-dataset/CASIA2/Au/Au_ani_30077.jpg,0
kaggle/input/casia-dataset/CASIA2/Au/Au_ani_30078.jpg,0
kaggle/input/casia-dataset/CASIA2/Au/Au_ani_30079.jpg,0
kaggle/input/casia-dataset/CASIA2/Au/Au_ani_30080.jpg,0
kaggle/input/casia-dataset/CASIA2/Au/Au_ani_30081.jpg,0
kaggle/input/casia-dataset/CASIA2/Au/Au_ani_30082.jpg,0
kaggle/input/casia-dataset/CASIA2/Au/Au_ani_30083.jpg,0
kaggle/input/casia-dataset/CASIA2/Au/Au_ani_30084.jpg,0
kaggle/input/casia-dataset/CASIA2/Au/Au_ani_30085.jpg,0
kaggle/input/casia-dataset/CASIA2/Au/Au_ani_30086.jpg,0
kaggle/input/casia-dataset/CASIA2/Au/Au_ani_30087.jpg,0
kaggle/input/casia-dataset/CASIA2/Au/Au_ani_30088.jpg,0
kaggle/input/casia-dataset/CASIA2/Au/Au_ani_30089.jpg,0
kaggle/input/casia-dataset/CASIA2/Au/Au_ani_30090.jpg,0
kaggle/input/casia-dataset/CASIA2/Au/Au_ani_30091.jpg,0
kaggle/input/casia-dataset/CASIA2/Au/Au_ani_30092.jpg,0
kaggle/input/casia-dataset/CASIA2/Au/Au_ani_30093.jpg,0
kaggle/input/casia-dataset/CASIA2/Au/Au_ani_30094.jpg,0
kaggle/input/casia-dataset/CASIA2/Au/Au_ani_30095.jpg,0
kaggle/input/casia-dataset/CASIA2/Au/Au_ani_30096.jpg,0
kaggle/input/casia-dataset/CASIA2/Au/Au_ani_30097.jpg,0
kaggle/input/casia-dataset/CASIA2/Au/Au_ani_30098.jpg,0
kaggle/input/casia-dataset/CASIA2/Au/Au_ani_30099.jpg,0
kaggle/input/casia-dataset/CASIA2/Au/Au_ani_30100.jpg,0
kaggle/input/casia-dataset/CASIA2/Au/Au_ani_30101.jpg,0
kaggle/input/casia-dataset/CASIA2/Au/Au_ani_30102.jpg,0
kaggle/input/casia-dataset/CASIA2/Au/Au_ani_30103.jpg,0
kaggle/input/casia-dataset/CASIA2/Au/Au_ani_30104.jpg,0
kaggle/input/casia-dataset/CASIA2/Au/Au_ani_30105.jpg,0
kaggle/input/casia-dataset/CASIA2/Au/Au_ani_30106.jpg,0
kaggle/input/casia-dataset/CASIA2/Au/Au_ani_30107.jpg,0
kaggle/input/casia-dataset/CASIA2/Au/Au_ani_30108.jpg,0
kaggle/input/casia-dataset/CASIA2/Au/Au_ani_30109.jpg,0
kaggle/input/casia-dataset/CASIA2/Au/Au_ani_30110.jpg,0
kaggle/input/casia-dataset/CASIA2/Au/Au_ani_30111.jpg,0
kaggle/input/casia-dataset/CASIA2/Au/Au_ani_30112.jpg,0
kaggle/input/casia-dataset/CASIA2/Au/Au_ani_30113.jpg,0
kaggle/input/casia-dataset/CASIA2/Au/Au_ani_30114.jpg,0
kaggle/input/casia-dataset/CASIA2/Au/Au_ani_30115.jpg,0
kaggle/input/casia-dataset/CASIA2/Au/Au_ani_30119.jpg,0
kaggle/input/casia-dataset/CASIA2/Au/Au_ani_30120.jpg,0
kaggle/input/casia-dataset/CASIA2/Au/Au_ani_30121.jpg,0
kaggle/input/casia-dataset/CASIA2/Au/Au_ani_30122.jpg,0
kaggle/input/casia-dataset/CASIA2/Au/Au_ani_30123.jpg,0
kaggle/input/casia-dataset/CASIA2/Au/Au_ani_30126.jpg,0
kaggle/input/casia-dataset/CASIA2/Au/Au_ani_30128.jpg,0
kaggle/input/casia-dataset/CASIA2/Au/Au_ani_30129.jpg,0
kaggle/input/casia-dataset/CASIA2/Au/Au_ani_30133.jpg,0
kaggle/input/casia-dataset/CASIA2/Au/Au_ani_30134.jpg,0
kaggle/input/casia-dataset/CASIA2/Au/Au_ani_30136.jpg,0
kaggle/input/casia-dataset/CASIA2/Au/Au_ani_30137.jpg,0
kaggle/input/casia-dataset/CASIA2/Au/Au_ani_30143.jpg,0
kaggle/input/casia-dataset/CASIA2/Au/Au_ani_30145.jpg,0
kaggle/input/casia-dataset/CASIA2/Au/Au_ani_30146.jpg,0
kaggle/input/casia-dataset/CASIA2/Au/Au_ani_30147.jpg,0
kaggle/input/casia-dataset/CASIA2/Au/Au_ani_30148.jpg,0
kaggle/input/casia-dataset/CASIA2/Au/Au_ani_30149.jpg,0
kaggle/input/casia-dataset/CASIA2/Au/Au_ani_30150.jpg,0
kaggle/input/casia-dataset/CASIA2/Au/Au_ani_30151.jpg,0
kaggle/input/casia-dataset/CASIA2/Au/Au_ani_30152.jpg,0
kaggle/input/casia-dataset/CASIA2/Au/Au_ani_30156.jpg,0
kaggle/input/casia-dataset/CASIA2/Au/Au_ani_30158.jpg,0
kaggle/input/casia-dataset/CASIA2/Au/Au_ani_30159.jpg,0
kaggle/input/casia-dataset/CASIA2/Au/Au_ani_30162.jpg,0
kaggle/input/casia-dataset/CASIA2/Au/Au_ani_30164.jpg,0
kaggle/input/casia-dataset/CASIA2/Au/Au_ani_30165.jpg,0
kaggle/input/casia-dataset/CASIA2/Au/Au_ani_30166.jpg,0
kaggle/input/casia-dataset/CASIA2/Au/Au_ani_30169.jpg,0
kaggle/input/casia-dataset/CASIA2/Au/Au_ani_30173.jpg,0
kaggle/input/casia-dataset/CASIA2/Au/Au_ani_30174.jpg,0
kaggle/input/casia-dataset/CASIA2/Au/Au_ani_30175.jpg,0
kaggle/input/casia-dataset/CASIA2/Au/Au_ani_30176.jpg,0
kaggle/input/casia-dataset/CASIA2/Au/Au_ani_30177.jpg,0
kaggle/input/casia-dataset/CASIA2/Au/Au_ani_30178.jpg,0
kaggle/input/casia-dataset/CASIA2/Au/Au_ani_30182.jpg,0
kaggle/input/casia-dataset/CASIA2/Au/Au_ani_30185.jpg,0
kaggle/input/casia-dataset/CASIA2/Au/Au_ani_30189.jpg,0
kaggle/input/casia-dataset/CASIA2/Au/Au_ani_30190.jpg,0
kaggle/input/casia-dataset/CASIA2/Au/Au_ani_30191.jpg,0
kaggle/input/casia-dataset/CASIA2/Au/Au_ani_30192.jpg,0
kaggle/input/casia-dataset/CASIA2/Au/Au_ani_30193.jpg,0
kaggle/input/casia-dataset/CASIA2/Au/Au_ani_30194.jpg,0
kaggle/input/casia-dataset/CASIA2/Au/Au_ani_30195.jpg,0
kaggle/input/casia-dataset/CASIA2/Au/Au_ani_30196.jpg,0
kaggle/input/casia-dataset/CASIA2/Au/Au_ani_30197.jpg,0
kaggle/input/casia-dataset/CASIA2/Au/Au_ani_30199.jpg,0
kaggle/input/casia-dataset/CASIA2/Au/Au_ani_30200.jpg,0
kaggle/input/casia-dataset/CASIA2/Au/Au_ani_30201.jpg,0
kaggle/input/casia-dataset/CASIA2/Au/Au_ani_30202.jpg,0
kaggle/input/casia-dataset/CASIA2/Au/Au_ani_30203.jpg,0
kaggle/input/casia-dataset/CASIA2/Au/Au_ani_30205.jpg,0
kaggle/input/casia-dataset/CASIA2/Au/Au_ani_30207.jpg,0
kaggle/input/casia-dataset/CASIA2/Au/Au_ani_30208.jpg,0
kaggle/input/casia-dataset/CASIA2/Au/Au_ani_30209.jpg,0
kaggle/input/casia-dataset/CASIA2/Au/Au_ani_30210.jpg,0
kaggle/input/casia-dataset/CASIA2/Au/Au_ani_30211.jpg,0
kaggle/input/casia-dataset/CASIA2/Au/Au_ani_30212.jpg,0
kaggle/input/casia-dataset/CASIA2/Au/Au_ani_30213.jpg,0
kaggle/input/casia-dataset/CASIA2/Au/Au_ani_30214.jpg,0
kaggle/input/casia-dataset/CASIA2/Au/Au_ani_30215.jpg,0
kaggle/input/casia-dataset/CASIA2/Au/Au_ani_30216.jpg,0
kaggle/input/casia-dataset/CASIA2/Au/Au_ani_30217.jpg,0
kaggle/input/casia-dataset/CASIA2/Au/Au_ani_30218.jpg,0
kaggle/input/casia-dataset/CASIA2/Au/Au_ani_30219.jpg,0
kaggle/input/casia-dataset/CASIA2/Au/Au_ani_30220.jpg,0
kaggle/input/casia-dataset/CASIA2/Au/Au_ani_30221.jpg,0
kaggle/input/casia-dataset/CASIA2/Au/Au_ani_30222.jpg,0
kaggle/input/casia-dataset/CASIA2/Au/Au_ani_30223.jpg,0
kaggle/input/casia-dataset/CASIA2/Au/Au_ani_30224.jpg,0
kaggle/input/casia-dataset/CASIA2/Au/Au_ani_30225.jpg,0
kaggle/input/casia-dataset/CASIA2/Au/Au_ani_30226.jpg,0
kaggle/input/casia-dataset/CASIA2/Au/Au_ani_30227.jpg,0
kaggle/input/casia-dataset/CASIA2/Au/Au_ani_30228.jpg,0
kaggle/input/casia-dataset/CASIA2/Au/Au_ani_30229.jpg,0
kaggle/input/casia-dataset/CASIA2/Au/Au_ani_30230.jpg,0
kaggle/input/casia-dataset/CASIA2/Au/Au_ani_30231.jpg,0
kaggle/input/casia-dataset/CASIA2/Au/Au_ani_30232.jpg,0
kaggle/input/casia-dataset/CASIA2/Au/Au_ani_30233.jpg,0
kaggle/input/casia-dataset/CASIA2/Au/Au_ani_30234.jpg,0
kaggle/input/casia-dataset/CASIA2/Au/Au_ani_30235.jpg,0
kaggle/input/casia-dataset/CASIA2/Au/Au_ani_30236.jpg,0
kaggle/input/casia-dataset/CASIA2/Au/Au_ani_30237.jpg,0
kaggle/input/casia-dataset/CASIA2/Au/Au_ani_30238.jpg,0
kaggle/input/casia-dataset/CASIA2/Au/Au_ani_30239.jpg,0
kaggle/input/casia-dataset/CASIA2/Au/Au_ani_30240.jpg,0
kaggle/input/casia-dataset/CASIA2/Au/Au_ani_30241.jpg,0
kaggle/input/casia-dataset/CASIA2/Au/Au_ani_30242.jpg,0
kaggle/input/casia-dataset/CASIA2/Au/Au_ani_30243.jpg,0
kaggle/input/casia-dataset/CASIA2/Au/Au_ani_30244.jpg,0
kaggle/input/casia-dataset/CASIA2/Au/Au_ani_30245.jpg,0
kaggle/input/casia-dataset/CASIA2/Au/Au_ani_30246.jpg,0
kaggle/input/casia-dataset/CASIA2/Au/Au_ani_30247.jpg,0
kaggle/input/casia-dataset/CASIA2/Au/Au_ani_30248.jpg,0
kaggle/input/casia-dataset/CASIA2/Au/Au_ani_30249.jpg,0
kaggle/input/casia-dataset/CASIA2/Au/Au_ani_30250.jpg,0
kaggle/input/casia-dataset/CASIA2/Au/Au_ani_30251.jpg,0
kaggle/input/casia-dataset/CASIA2/Au/Au_ani_30252.jpg,0
kaggle/input/casia-dataset/CASIA2/Au/Au_ani_30253.jpg,0
kaggle/input/casia-dataset/CASIA2/Au/Au_ani_30254.jpg,0
kaggle/input/casia-dataset/CASIA2/Au/Au_ani_30255.jpg,0
kaggle/input/casia-dataset/CASIA2/Au/Au_ani_30256.jpg,0
kaggle/input/casia-dataset/CASIA2/Au/Au_ani_30257.jpg,0
kaggle/input/casia-dataset/CASIA2/Au/Au_ani_30258.jpg,0
kaggle/input/casia-dataset/CASIA2/Au/Au_ani_30259.jpg,0
kaggle/input/casia-dataset/CASIA2/Au/Au_ani_30260.jpg,0
kaggle/input/casia-dataset/CASIA2/Au/Au_ani_30261.jpg,0
kaggle/input/casia-dataset/CASIA2/Au/Au_ani_30262.jpg,0
kaggle/input/casia-dataset/CASIA2/Au/Au_ani_30263.jpg,0
kaggle/input/casia-dataset/CASIA2/Au/Au_ani_30264.jpg,0
kaggle/input/casia-dataset/CASIA2/Au/Au_ani_30265.jpg,0
kaggle/input/casia-dataset/CASIA2/Au/Au_ani_30266.jpg,0
kaggle/input/casia-dataset/CASIA2/Au/Au_ani_30267.jpg,0
kaggle/input/casia-dataset/CASIA2/Au/Au_ani_30268.jpg,0
kaggle/input/casia-dataset/CASIA2/Au/Au_ani_30269.jpg,0
kaggle/input/casia-dataset/CASIA2/Au/Au_ani_30270.jpg,0
kaggle/input/casia-dataset/CASIA2/Au/Au_ani_30271.jpg,0
kaggle/input/casia-dataset/CASIA2/Au/Au_ani_30272.jpg,0
kaggle/input/casia-dataset/CASIA2/Au/Au_ani_30273.jpg,0
kaggle/input/casia-dataset/CASIA2/Au/Au_ani_30274.jpg,0
kaggle/input/casia-dataset/CASIA2/Au/Au_ani_30275.jpg,0
kaggle/input/casia-dataset/CASIA2/Au/Au_ani_30276.jpg,0
kaggle/input/casia-dataset/CASIA2/Au/Au_ani_30277.jpg,0
kaggle/input/casia-dataset/CASIA2/Au/Au_ani_30278.jpg,0
kaggle/input/casia-dataset/CASIA2/Au/Au_ani_30279.jpg,0
kaggle/input/casia-dataset/CASIA2/Au/Au_ani_30280.jpg,0
kaggle/input/casia-dataset/CASIA2/Au/Au_ani_30281.jpg,0
kaggle/input/casia-dataset/CASIA2/Au/Au_ani_30282.jpg,0
kaggle/input/casia-dataset/CASIA2/Au/Au_ani_30283.jpg,0
kaggle/input/casia-dataset/CASIA2/Au/Au_ani_30284.jpg,0
kaggle/input/casia-dataset/CASIA2/Au/Au_ani_30285.jpg,0
kaggle/input/casia-dataset/CASIA2/Au/Au_ani_30286.jpg,0
kaggle/input/casia-dataset/CASIA2/Au/Au_ani_30287.jpg,0
kaggle/input/casia-dataset/CASIA2/Au/Au_ani_30288.jpg,0
kaggle/input/casia-dataset/CASIA2/Au/Au_ani_30289.jpg,0
kaggle/input/casia-dataset/CASIA2/Au/Au_ani_30290.jpg,0
kaggle/input/casia-dataset/CASIA2/Au/Au_ani_30291.jpg,0
kaggle/input/casia-dataset/CASIA2/Au/Au_ani_30292.jpg,0
kaggle/input/casia-dataset/CASIA2/Au/Au_ani_30293.jpg,0
kaggle/input/casia-dataset/CASIA2/Au/Au_ani_30294.jpg,0
kaggle/input/casia-dataset/CASIA2/Au/Au_ani_30295.jpg,0
kaggle/input/casia-dataset/CASIA2/Au/Au_ani_30296.jpg,0
kaggle/input/casia-dataset/CASIA2/Au/Au_ani_30297.jpg,0
kaggle/input/casia-dataset/CASIA2/Au/Au_ani_30298.jpg,0
kaggle/input/casia-dataset/CASIA2/Au/Au_ani_30299.jpg,0
kaggle/input/casia-dataset/CASIA2/Au/Au_ani_30300.jpg,0
kaggle/input/casia-dataset/CASIA2/Au/Au_ani_30301.jpg,0
kaggle/input/casia-dataset/CASIA2/Au/Au_ani_30302.jpg,0
kaggle/input/casia-dataset/CASIA2/Au/Au_ani_30303.jpg,0
kaggle/input/casia-dataset/CASIA2/Au/Au_ani_30304.jpg,0
kaggle/input/casia-dataset/CASIA2/Au/Au_ani_30305.jpg,0
kaggle/input/casia-dataset/CASIA2/Au/Au_ani_30306.jpg,0
kaggle/input/casia-dataset/CASIA2/Au/Au_ani_30307.jpg,0
kaggle/input/casia-dataset/CASIA2/Au/Au_ani_30308.jpg,0
kaggle/input/casia-dataset/CASIA2/Au/Au_ani_30309.jpg,0
kaggle/input/casia-dataset/CASIA2/Au/Au_ani_30310.jpg,0
kaggle/input/casia-dataset/CASIA2/Au/Au_ani_30311.jpg,0
kaggle/input/casia-dataset/CASIA2/Au/Au_ani_30312.jpg,0
kaggle/input/casia-dataset/CASIA2/Au/Au_ani_30313.jpg,0
kaggle/input/casia-dataset/CASIA2/Au/Au_ani_30314.jpg,0
kaggle/input/casia-dataset/CASIA2/Au/Au_ani_30315.jpg,0
kaggle/input/casia-dataset/CASIA2/Au/Au_ani_30316.jpg,0
kaggle/input/casia-dataset/CASIA2/Au/Au_ani_30317.jpg,0
kaggle/input/casia-dataset/CASIA2/Au/Au_ani_30318.jpg,0
kaggle/input/casia-dataset/CASIA2/Au/Au_ani_30319.jpg,0
kaggle/input/casia-dataset/CASIA2/Au/Au_ani_30320.jpg,0
kaggle/input/casia-dataset/CASIA2/Au/Au_ani_30321.jpg,0
kaggle/input/casia-dataset/CASIA2/Au/Au_ani_30322.jpg,0
kaggle/input/casia-dataset/CASIA2/Au/Au_ani_30323.jpg,0
kaggle/input/casia-dataset/CASIA2/Au/Au_ani_30324.jpg,0
kaggle/input/casia-dataset/CASIA2/Au/Au_ani_30325.jpg,0
kaggle/input/casia-dataset/CASIA2/Au/Au_ani_30326.jpg,0
kaggle/input/casia-dataset/CASIA2/Au/Au_ani_30327.jpg,0
kaggle/input/casia-dataset/CASIA2/Au/Au_ani_30328.jpg,0
kaggle/input/casia-dataset/CASIA2/Au/Au_ani_30329.jpg,0
kaggle/input/casia-dataset/CASIA2/Au/Au_ani_30330.jpg,0
kaggle/input/casia-dataset/CASIA2/Au/Au_ani_30331.jpg,0
kaggle/input/casia-dataset/CASIA2/Au/Au_ani_30332.jpg,0
kaggle/input/casia-dataset/CASIA2/Au/Au_ani_30333.jpg,0
kaggle/input/casia-dataset/CASIA2/Au/Au_ani_30334.jpg,0
kaggle/input/casia-dataset/CASIA2/Au/Au_ani_30335.jpg,0
kaggle/input/casia-dataset/CASIA2/Au/Au_ani_30336.jpg,0
kaggle/input/casia-dataset/CASIA2/Au/Au_ani_30339.jpg,0
kaggle/input/casia-dataset/CASIA2/Au/Au_ani_30340.jpg,0
kaggle/input/casia-dataset/CASIA2/Au/Au_ani_30341.jpg,0
kaggle/input/casia-dataset/CASIA2/Au/Au_ani_30342.jpg,0
kaggle/input/casia-dataset/CASIA2/Au/Au_ani_30343.jpg,0
kaggle/input/casia-dataset/CASIA2/Au/Au_ani_30344.jpg,0
kaggle/input/casia-dataset/CASIA2/Au/Au_ani_30345.jpg,0
kaggle/input/casia-dataset/CASIA2/Au/Au_ani_30346.jpg,0
kaggle/input/casia-dataset/CASIA2/Au/Au_ani_30347.jpg,0
kaggle/input/casia-dataset/CASIA2/Au/Au_ani_30348.jpg,0
kaggle/input/casia-dataset/CASIA2/Au/Au_ani_30349.jpg,0
kaggle/input/casia-dataset/CASIA2/Au/Au_ani_30350.jpg,0
kaggle/input/casia-dataset/CASIA2/Au/Au_ani_30351.jpg,0
kaggle/input/casia-dataset/CASIA2/Au/Au_ani_30352.jpg,0
kaggle/input/casia-dataset/CASIA2/Au/Au_ani_30353.jpg,0
kaggle/input/casia-dataset/CASIA2/Au/Au_ani_30354.jpg,0
kaggle/input/casia-dataset/CASIA2/Au/Au_ani_30355.jpg,0
kaggle/input/casia-dataset/CASIA2/Au/Au_ani_30356.jpg,0
kaggle/input/casia-dataset/CASIA2/Au/Au_ani_30357.jpg,0
kaggle/input/casia-dataset/CASIA2/Au/Au_ani_30358.jpg,0
kaggle/input/casia-dataset/CASIA2/Au/Au_ani_30359.jpg,0
kaggle/input/casia-dataset/CASIA2/Au/Au_ani_30360.jpg,0
kaggle/input/casia-dataset/CASIA2/Au/Au_ani_30361.jpg,0
kaggle/input/casia-dataset/CASIA2/Au/Au_ani_30362.jpg,0
kaggle/input/casia-dataset/CASIA2/Au/Au_ani_30363.jpg,0
kaggle/input/casia-dataset/CASIA2/Au/Au_ani_30364.jpg,0
kaggle/input/casia-dataset/CASIA2/Au/Au_ani_30365.jpg,0
kaggle/input/casia-dataset/CASIA2/Au/Au_ani_30366.jpg,0
kaggle/input/casia-dataset/CASIA2/Au/Au_ani_30367.jpg,0
kaggle/input/casia-dataset/CASIA2/Au/Au_ani_30368.jpg,0
kaggle/input/casia-dataset/CASIA2/Au/Au_ani_30369.jpg,0
kaggle/input/casia-dataset/CASIA2/Au/Au_ani_30370.jpg,0
kaggle/input/casia-dataset/CASIA2/Au/Au_ani_30371.jpg,0
kaggle/input/casia-dataset/CASIA2/Au/Au_ani_30372.jpg,0
kaggle/input/casia-dataset/CASIA2/Au/Au_ani_30373.jpg,0
kaggle/input/casia-dataset/CASIA2/Au/Au_ani_30374.jpg,0
kaggle/input/casia-dataset/CASIA2/Au/Au_ani_30375.jpg,0
kaggle/input/casia-dataset/CASIA2/Au/Au_ani_30376.jpg,0
kaggle/input/casia-dataset/CASIA2/Au/Au_ani_30377.jpg,0
kaggle/input/casia-dataset/CASIA2/Au/Au_ani_30378.jpg,0
kaggle/input/casia-dataset/CASIA2/Au/Au_ani_30379.jpg,0
kaggle/input/casia-dataset/CASIA2/Au/Au_ani_30380.jpg,0
kaggle/input/casia-dataset/CASIA2/Au/Au_ani_30381.jpg,0
kaggle/input/casia-dataset/CASIA2/Au/Au_ani_30382.jpg,0
kaggle/input/casia-dataset/CASIA2/Au/Au_ani_30383.jpg,0
kaggle/input/casia-dataset/CASIA2/Au/Au_ani_30384.jpg,0
kaggle/input/casia-dataset/CASIA2/Au/Au_ani_30385.jpg,0
kaggle/input/casia-dataset/CASIA2/Au/Au_ani_30386.jpg,0
kaggle/input/casia-dataset/CASIA2/Au/Au_ani_30387.jpg,0
kaggle/input/casia-dataset/CASIA2/Au/Au_ani_30388.jpg,0
kaggle/input/casia-dataset/CASIA2/Au/Au_ani_30389.jpg,0
kaggle/input/casia-dataset/CASIA2/Au/Au_ani_30390.jpg,0
kaggle/input/casia-dataset/CASIA2/Au/Au_ani_30391.jpg,0
kaggle/input/casia-dataset/CASIA2/Au/Au_ani_30392.jpg,0
kaggle/input/casia-dataset/CASIA2/Au/Au_ani_30395.jpg,0
kaggle/input/casia-dataset/CASIA2/Au/Au_ani_30396.jpg,0
kaggle/input/casia-dataset/CASIA2/Au/Au_ani_30397.jpg,0
kaggle/input/casia-dataset/CASIA2/Au/Au_ani_30398.jpg,0
